City,Lat,Lng,Max Temp,Humidity,Cloudiness,Wind Speed,Country,Date
Denpasar,-8.65,115.2167,78.46,94,75,5.75,ID,1627857900
High Level,58.5169,-117.136,89.71,37,20,2.3,CA,1627857811
Santa Maria,-29.6842,-53.8069,52.9,87,0,2.3,BR,1627857854
Saint George,37.1041,-113.5841,98.38,27,1,1.01,US,1627857827
Rafaela,-31.2503,-61.4867,57.0,38,0,6.55,AR,1627858049
Hithadhoo,-0.6,73.0833,81.34,71,92,7.78,MV,1627858049
Formosa,-26.1775,-58.1781,64.38,59,0,4.61,AR,1627858050
Laas,46.6166,10.7002,54.86,94,78,6.51,IT,1627858050
Kaitangata,-46.2817,169.8464,47.73,90,46,4.07,NZ,1627858050
Mandsaur,24.0667,75.0667,72.91,93,100,17.18,IN,1627858050
Qaanaaq,77.484,-69.3632,42.37,84,86,1.34,GL,1627858051
Saint Anthony,45.0205,-93.218,80.94,38,40,5.01,US,1627857916
Punta Arenas,-53.15,-70.9167,42.91,75,40,17.27,CL,1627858051
Dārāb,28.7519,54.5444,88.5,24,77,1.99,IR,1627858051
Saskylakh,71.9167,114.0833,74.61,42,0,3.47,RU,1627858052
Fortuna,40.5982,-124.1573,69.93,71,40,4.0,US,1627858052
Springhill,33.006,-93.4668,96.6,50,95,2.84,US,1627858052
Nikolskoye,59.7035,30.7861,62.4,93,40,4.9,RU,1627858053
Cape Town,-33.9258,18.4232,57.11,84,20,1.99,ZA,1627858053
Esperantinópolis,-4.8667,-44.7083,82.27,41,73,2.39,BR,1627858053
Viedma,-40.8135,-62.9967,51.94,47,1,15.84,AR,1627858054
Barrow,71.2906,-156.7887,51.82,77,90,17.27,US,1627858054
Gopālpur,19.2667,84.9167,82.6,73,97,4.45,IN,1627858054
Taiyuan,37.8694,112.5603,67.86,64,0,4.47,CN,1627858055
Mount Isa,-20.7333,139.5,69.57,43,12,3.44,AU,1627858055
Kapaa,22.0752,-159.319,84.18,76,90,4.0,US,1627858055
Lompoc,34.6391,-120.4579,90.01,61,1,16.11,US,1627858056
New Norfolk,-42.7826,147.0587,42.75,85,31,2.73,AU,1627858056
Santiago,-33.4569,-70.6483,76.44,20,0,0.0,CL,1627858047
Shingū,33.7333,135.9833,82.9,77,68,3.94,JP,1627858056
Castro,-24.7911,-50.0119,47.48,88,69,2.57,BR,1627858057
Cabedelo,-6.9811,-34.8339,75.87,78,4,17.56,BR,1627858057
Lüderitz,-26.6481,15.1594,64.96,37,0,6.02,NA,1627858057
Marsá Maţrūḩ,31.3525,27.2453,80.8,89,0,9.22,EG,1627858057
Nanortalik,60.1432,-45.2371,48.15,80,100,11.1,GL,1627858058
Atuona,-9.8,-139.0333,77.11,69,31,10.36,PF,1627858058
Ushuaia,-54.8,-68.3,46.06,46,20,17.27,AR,1627858058
Yellowknife,62.456,-114.3525,87.33,28,20,3.44,CA,1627858059
La Orilla,17.9833,-102.2333,85.96,72,7,10.33,MX,1627858059
Bungoma,0.5635,34.5606,62.22,88,99,4.41,KE,1627858059
Pevek,69.7008,170.3133,33.73,95,100,16.2,RU,1627858059
Mount Gambier,-37.8333,140.7667,44.51,87,40,12.66,AU,1627858060
Airai,-8.9266,125.4092,61.36,74,21,3.74,TL,1627858060
Kununurra,-15.7667,128.7333,67.98,88,23,0.0,AU,1627858060
Bluff,-46.6,168.3333,44.8,82,98,6.35,NZ,1627858061
Tuktoyaktuk,69.4541,-133.0374,69.8,73,75,10.36,CA,1627858061
Busselton,-33.65,115.3333,54.45,56,94,9.01,AU,1627858061
Dikson,73.5069,80.5464,40.12,99,98,9.08,RU,1627858062
Biak,-0.9131,122.8766,76.53,81,26,6.53,ID,1627858062
Ponta do Sol,32.6667,-17.1,72.23,67,1,7.54,PT,1627858062
Kavieng,-2.5744,150.7967,83.28,74,4,8.88,PG,1627858063
Chui,-33.6971,-53.4616,49.6,93,25,5.5,UY,1627858063
Butaritari,3.0707,172.7902,83.08,68,9,10.07,KI,1627858063
Yangi Marg`ilon,40.4272,71.7189,76.42,29,96,0.89,UZ,1627858064
Half Moon Bay,37.4636,-122.4286,88.92,62,20,1.01,US,1627857800
Klaksvík,62.2266,-6.589,49.12,81,65,6.73,FO,1627858064
São João de Pirabas,-0.7747,-47.1772,75.43,88,57,5.95,BR,1627858064
Palu,-0.8917,119.8707,76.3,91,58,1.9,ID,1627858065
Jérémie,18.65,-74.1167,84.2,76,99,4.27,HT,1627858065
Provideniya,64.3833,-173.3,42.91,75,90,15.66,RU,1627858065
Mataura,-46.1927,168.8643,44.47,91,84,2.37,NZ,1627858066
Sakaraha,-22.9,44.5333,58.42,74,1,0.54,MG,1627858066
Poum,-20.2333,164.0167,69.22,55,3,12.55,NC,1627858066
Hermanus,-34.4187,19.2345,56.89,80,95,0.54,ZA,1627858066
Puerto Ayora,-0.7393,-90.3518,78.76,90,53,4.0,EC,1627858067
Lugovskoy,56.9585,64.529,62.82,97,6,5.93,RU,1627858067
Celestún,20.8667,-90.4,84.45,74,74,15.26,MX,1627858067
Clyde River,70.4692,-68.5914,44.83,81,75,18.41,CA,1627858068
Ostrovnoy,68.0531,39.5131,48.74,89,26,8.61,RU,1627858068
Touros,-5.1989,-35.4608,79.7,73,5,18.84,BR,1627858068
Tongren,27.7172,109.1853,78.31,83,19,1.23,CN,1627858069
Hong Kong,22.2855,114.1577,85.32,88,94,1.01,HK,1627857993
Udachny,66.4167,112.4,72.45,38,34,4.7,RU,1627858069
Kumul,42.8,93.45,68.04,45,63,6.13,CN,1627858069
Isangel,-19.55,169.2667,69.91,83,75,5.75,VU,1627858070
Souillac,-20.5167,57.5167,66.58,94,75,8.05,MU,1627857846
Brae,60.3964,-1.353,49.91,79,100,12.86,GB,1627858070
Lagoa,39.05,-27.9833,71.85,95,37,15.39,PT,1627858070
Vaini,-21.2,-175.2,73.56,83,40,21.85,TO,1627858071
Salalah,17.0151,54.0924,77.09,94,90,5.75,OM,1627858071
Tura,25.5198,90.2201,73.45,98,90,3.4,IN,1627858071
George Town,5.4112,100.3354,75.88,92,20,0.0,MY,1627857988
Codrington,-38.2667,141.9667,46.09,81,0,16.78,AU,1627858072
Inta,66.0317,60.1659,48.79,94,72,11.56,RU,1627858072
Moranbah,-22.0016,148.0466,68.85,62,0,3.22,AU,1627858072
Port Elizabeth,-33.918,25.5701,61.09,72,75,29.93,ZA,1627858073
Rikitea,-23.1203,-134.9692,69.1,57,42,20.92,PF,1627858073
College,64.8569,-147.8028,78.01,50,75,0.0,US,1627857836
Albany,42.6001,-73.9662,71.47,84,89,6.73,US,1627857332
Lavrentiya,65.5833,-171.0,41.67,84,100,15.82,RU,1627857810
Najrān,17.4924,44.1277,86.65,41,100,10.18,SA,1627858074
Port Hedland,-20.3167,118.5667,60.85,41,0,10.36,AU,1627858074
Puerto Asís,0.5133,-76.5007,75.76,97,100,2.75,CO,1627858074
Havelock,34.8791,-76.9013,75.43,94,90,4.61,US,1627858074
Quelimane,-17.8786,36.8883,64.35,88,0,1.99,MZ,1627858075
Bandarbeyla,9.4942,50.8122,82.27,62,11,24.83,SO,1627857781
Ürümqi,43.801,87.6005,65.35,45,0,8.95,CN,1627858075
Alghero,40.5589,8.3181,70.97,67,10,6.89,IT,1627858075
Balboa,2.0396,-77.2168,67.66,62,16,4.23,CO,1627858076
Ribeira Grande,38.5167,-28.7,73.18,94,63,13.49,PT,1627858076
Kayasula,44.325,45.0,74.93,56,99,6.11,RU,1627858076
Mehamn,71.0357,27.8492,44.83,93,100,19.42,NO,1627857787
Margate,51.3813,1.3862,60.69,83,97,1.99,GB,1627858077
Zaysan,47.4667,84.8667,64.53,38,0,7.29,KZ,1627858077
Tasiilaq,65.6145,-37.6368,53.76,77,50,4.88,GL,1627858077
Dumas,35.8656,-101.9732,76.6,53,40,14.97,US,1627858078
Saint Paul Harbor,57.79,-152.4072,60.31,77,75,6.91,US,1627858078
Shonguy,68.7526,33.146,51.87,100,40,4.47,RU,1627858078
Uauá,-9.8414,-39.4817,69.21,65,48,14.88,BR,1627858078
Dali,25.7,100.1833,60.3,86,24,1.99,CN,1627858079
Upernavik,72.7868,-56.1549,42.69,80,20,11.59,GL,1627858079
Coahuayana Viejo,18.7333,-103.6833,88.59,65,11,6.02,MX,1627857919
Anjangaon,21.1631,77.3094,75.63,83,100,14.32,IN,1627858080
Padang,-0.9492,100.3543,74.84,91,98,5.57,ID,1627858080
Kachīry,53.0675,76.1036,65.05,69,38,6.26,KZ,1627858080
Talnakh,69.4865,88.3972,56.53,87,100,4.45,RU,1627858080
Ilulissat,69.2167,-51.1,62.62,34,1,11.5,GL,1627858081
Sokolo,14.7328,-6.1219,83.86,59,33,11.95,ML,1627858081
Werota,11.9167,37.7,61.34,93,100,0.49,ET,1627858081
Saint-Augustin,51.226,-58.6502,59.49,82,89,14.36,CA,1627857869
Ust'-Koksa,50.2696,85.6108,47.16,85,8,1.34,RU,1627858082
Peterhead,57.5058,-1.7981,55.11,78,53,10.27,GB,1627857834
Romita,20.8667,-101.5167,82.74,36,55,6.96,MX,1627858082
Berlevåg,70.8578,29.0864,45.88,94,100,18.7,NO,1627857825
Tiksi,71.6872,128.8694,49.05,68,18,4.61,RU,1627858083
Kaeo,-35.1,173.7833,63.32,78,36,10.09,NZ,1627858083
Kapiri Mposhi,-13.9652,28.6809,52.81,82,0,5.03,ZM,1627858083
Cardoso,-20.0819,-49.9142,71.15,40,10,4.74,BR,1627858084
Alofi,-19.0595,-169.9187,80.49,61,68,19.57,NU,1627857906
Iqaluit,63.7506,-68.5145,53.33,76,90,1.99,CA,1627857809
Port Alfred,-33.5906,26.891,61.25,82,46,25.37,ZA,1627858048
Dotnuva,55.35,23.9,66.42,96,100,2.75,LT,1627858084
Longyearbyen,78.2186,15.6401,44.44,76,75,13.8,SJ,1627858084
Harar,9.3094,42.1258,58.05,75,54,7.85,ET,1627858085
Bethel,41.3712,-73.414,73.76,83,90,4.61,US,1627857827
Norman Wells,65.282,-126.8329,87.84,23,40,4.61,CA,1627858085
Cidreira,-30.1811,-50.2056,56.86,93,90,8.03,BR,1627858086
Carnarvon,-24.8667,113.6333,48.27,68,0,10.36,AU,1627858086
Mar del Plata,-38.0023,-57.5575,44.1,31,90,1.99,AR,1627858086
Cabo San Lucas,22.8909,-109.9124,98.51,70,57,3.0,MX,1627858086
Hobart,-42.8794,147.3294,43.11,83,0,3.0,AU,1627858066
Kamenka,51.3223,42.7678,70.45,72,22,5.37,RU,1627858087
Thompson,55.7435,-97.8558,84.36,30,20,4.61,CA,1627858037
Chokurdakh,70.6333,147.9167,42.28,63,39,8.32,RU,1627857816
Dumai,1.6833,101.45,73.15,96,86,2.53,ID,1627858087
Surgut,61.25,73.4167,59.18,100,40,8.95,RU,1627858088
Bredasdorp,-34.5322,20.0403,56.52,77,86,3.44,ZA,1627858088
Macao,22.2006,113.5461,85.06,89,20,1.14,MO,1627857876
Gusau,12.1628,6.6614,72.03,95,82,11.03,NG,1627858088
Dargaville,-35.9333,173.8833,58.53,78,79,10.45,NZ,1627858089
Larsnes,62.2028,5.5773,52.68,80,62,8.66,NO,1627857890
Katrineholm,58.9959,16.2072,59.43,86,42,4.34,SE,1627858089
Cody,44.5263,-109.0565,91.6,15,1,14.97,US,1627858089
Vermilion,40.1667,-87.7506,77.52,60,75,4.0,US,1627858090
Gramsh,40.8697,20.1844,82.13,29,0,3.51,AL,1627858090
Okhotsk,59.3833,143.3,62.69,50,0,5.95,RU,1627858090
Rocha,-34.4833,-54.3333,45.25,94,2,3.67,UY,1627857945
Vestmannaeyjar,63.4427,-20.2734,53.94,91,92,5.93,IS,1627858091
Kalmunai,7.4167,81.8167,80.28,75,100,4.88,LK,1627858091
Gävle,60.6745,17.1417,52.95,96,100,5.93,SE,1627858091
Hilo,19.7297,-155.09,82.13,68,75,5.75,US,1627857811
Bobrovka,54.047,61.7455,64.0,73,88,5.32,RU,1627858092
Xinzhou,38.4092,112.7333,64.94,63,4,1.32,CN,1627858092
Aklavik,68.2191,-135.0107,84.92,39,99,15.5,CA,1627858092
Rome,43.2128,-75.4557,65.86,94,90,4.61,US,1627858093
Severo-Kuril'sk,50.6789,156.125,56.35,70,1,14.63,RU,1627858093
Pisco,-13.7,-76.2167,66.25,72,0,11.5,PE,1627858093
Dongsheng,39.8161,109.9776,61.52,59,20,11.99,CN,1627858093
Champerico,14.3,-91.9167,91.94,74,86,4.45,GT,1627858094
Yacuiba,-22.038,-63.6797,56.39,40,66,2.15,BO,1627858094
Wankyi,7.7392,-2.1046,69.78,97,23,3.87,GH,1627858094
Solnechnyy,50.7214,136.6319,62.33,76,99,3.8,RU,1627858095
Eilat,29.5581,34.9482,84.04,45,0,0.0,IL,1627858095
Avarua,-21.2078,-159.775,75.25,94,90,13.8,CK,1627858095
Tuatapere,-46.1333,167.6833,44.82,91,100,2.59,NZ,1627858096
Ancud,-41.8697,-73.8203,47.73,82,58,3.85,CL,1627858096
Jamestown,42.097,-79.2353,69.39,66,20,3.0,US,1627858047
Jalu,29.0331,21.5482,85.87,26,3,10.76,LY,1627858096
Bambous Virieux,-20.3428,57.7575,66.45,94,75,8.05,MU,1627858097
Urucará,-2.5364,-57.76,77.58,75,95,3.0,BR,1627858097
Tahoua,14.8888,5.2692,87.78,51,0,11.5,NE,1627858097
Cockburn Town,21.4612,-71.1419,85.96,66,40,13.8,TC,1627857945
Pinheiro,-2.5214,-45.0825,74.61,78,98,2.3,BR,1627858098
Ahipara,-35.1667,173.1667,56.97,73,69,9.6,NZ,1627858098
Mossamedes,-15.1961,12.1522,68.94,83,66,1.72,AO,1627858098
Stokmarknes,68.5646,14.9108,49.5,87,75,12.66,NO,1627858099
Noril'sk,69.3535,88.2027,55.99,89,100,4.0,RU,1627858099
San Cristobal,7.7669,-72.225,78.98,97,81,5.93,VE,1627858099
Antofagasta,-23.65,-70.4,58.28,78,27,3.74,CL,1627858101
Palmer,42.1584,-72.3287,74.84,64,75,1.01,US,1627857901
Faanui,-16.4833,-151.75,77.63,68,30,14.38,PF,1627857811
Lábrea,-7.2586,-64.7981,81.52,41,23,3.2,BR,1627858101
Salinópolis,-0.6136,-47.3561,78.21,81,69,10.16,BR,1627858102
Stege,54.987,12.2846,56.08,73,48,16.82,DK,1627858102
East London,-33.0153,27.9116,62.44,63,31,19.48,ZA,1627857815
Yumen,40.2833,97.2,65.34,45,96,7.29,CN,1627858102
Olavarría,-36.8927,-60.3225,42.8,64,37,4.68,AR,1627858103
Lata,40.1629,-8.3327,67.05,99,94,0.4,PT,1627858103
Östersund,63.1792,14.6357,46.85,76,28,10.36,SE,1627858103
Zhuhai,22.2769,113.5678,85.05,89,20,1.14,CN,1627857888
Sinnamary,5.3833,-52.95,79.34,80,54,7.83,GF,1627857892
Buenos Aires,-34.6132,-58.3772,53.96,86,0,6.91,AR,1627858065
Sitka,57.0531,-135.33,64.29,72,75,5.75,US,1627858104
Fürstenwalde,52.3667,14.0667,63.25,86,95,6.46,DE,1627858104
Namikupa,-10.8333,39.6,64.08,91,53,3.22,TZ,1627858104
Shakawe,-18.3667,21.85,55.18,47,0,5.91,BW,1627858105
Haimen,23.1935,116.6142,78.69,87,97,5.23,CN,1627858105
Point Pedro,9.8167,80.2333,82.36,78,100,13.62,LK,1627858105
Mahébourg,-20.4081,57.7,66.49,94,75,8.05,MU,1627858106
Nouadhibou,20.931,-17.0347,75.18,73,0,14.97,MR,1627858106
Vao,-22.6667,167.4833,66.79,55,50,9.37,NC,1627858106
Muroto-misakicho,33.2833,134.15,80.64,79,83,6.93,JP,1627858107
Krasnokamensk,50.0979,118.0369,60.8,69,32,5.23,RU,1627858107
Kudahuvadhoo,2.6708,72.8944,82.26,72,98,7.09,MV,1627858107
Nishihara,26.1842,127.7558,82.06,94,90,13.8,JP,1627858108
Khorixas,-20.3667,14.9667,64.38,26,0,9.24,NA,1627858108
Husavik,66.0449,-17.3389,53.51,72,62,1.54,IS,1627857963
Muros,42.7762,-9.0603,65.08,86,100,6.31,ES,1627858108
Corinth,37.9407,22.9573,91.69,47,0,3.27,GR,1627858109
Sayán,-11.1361,-77.1933,71.13,57,29,2.82,PE,1627858109
Xinqing,48.2333,129.5,67.57,99,100,3.22,CN,1627858109
High Prairie,55.4334,-116.4858,83.5,23,97,7.45,CA,1627858109
Richmond,37.5538,-77.4603,84.07,73,75,3.0,US,1627858085
Sørland,67.667,12.6934,49.28,72,84,12.95,NO,1627858110
Emba,48.8264,58.1442,79.3,38,12,9.42,KZ,1627858110
Qaqortoq,60.7167,-46.0333,64.9,83,100,8.66,GL,1627858110
Dęblin,51.5591,21.8483,65.21,31,100,5.73,PL,1627858111
Sabzawār,36.2126,57.6819,75.94,14,4,13.18,IR,1627858111
Giohar,2.7809,45.5005,72.37,90,58,11.32,SO,1627858111
Etchojoa,26.9167,-109.6333,102.27,47,95,14.97,MX,1627858112
Olafsvik,64.8945,-23.7142,53.78,92,100,2.39,IS,1627858112
Bull Savanna,17.8868,-77.5902,81.81,74,42,14.25,JM,1627857979
Yulara,-25.2406,130.9889,48.04,53,0,5.75,AU,1627858112
Bend,44.0582,-121.3153,94.21,26,20,1.99,US,1627858113
Turaif,31.6725,38.6637,79.05,41,0,11.5,SA,1627858113
Nantucket,41.2835,-70.0995,73.51,73,1,9.22,US,1627858113
Lamu,-2.2717,40.902,75.42,82,53,16.87,KE,1627858113
Palivere,58.9664,23.8911,61.74,84,98,4.99,EE,1627858114
Nizhniy Tsasuchey,50.5167,115.1333,64.15,68,48,7.29,RU,1627858114
Inhambane,-23.865,35.3833,63.39,80,0,5.91,MZ,1627858114
Arraial do Cabo,-22.9661,-42.0278,64.26,77,0,9.22,BR,1627858115
Mahibadhoo,3.7833,72.9667,81.82,76,100,9.06,MV,1627857972
Kitimat,54.0524,-128.6534,82.78,44,11,4.27,CA,1627858006
Sibolga,1.7427,98.7792,74.71,87,100,2.08,ID,1627858115
Antalaha,-14.9003,50.2788,66.16,89,87,6.13,MG,1627858115
Lima,-12.0432,-77.0282,63.9,81,90,6.91,PE,1627857838
Hambantota,6.1241,81.1185,79.05,82,100,15.5,LK,1627858116
Ust'-Omchug,61.15,149.6333,43.25,66,61,14.56,RU,1627858116
Dolisie,-4.1997,12.6739,69.31,83,100,5.19,CG,1627858116
Mooresville,35.5849,-80.8101,88.0,63,92,12.21,US,1627858095
Belaya Gora,68.5333,146.4167,47.89,48,3,6.13,RU,1627858118
Karratha,-20.7377,116.8463,59.11,52,0,11.74,AU,1627858118
West Wendover,40.7391,-114.0733,83.41,37,20,9.22,US,1627858118
Darhan,49.4867,105.9228,61.86,94,100,6.13,MN,1627858119
Hervey Bay,-25.2986,152.8535,72.03,93,2,3.0,AU,1627857988
Mahabalipuram,12.6264,80.1722,84.25,57,100,9.4,IN,1627858119
Grand Gaube,-20.0064,57.6608,66.6,84,27,1.99,MU,1627858119
Camacha,33.0833,-16.3333,68.76,78,40,13.8,PT,1627858120
Ulladulla,-35.35,150.4667,48.87,82,1,3.96,AU,1627858120
Luwuk,-0.9516,122.7875,78.01,82,17,4.92,ID,1627858120
Hamburg,53.55,10.0,57.76,88,0,4.61,DE,1627857612
San-Pédro,4.7485,-6.6363,75.04,86,68,4.07,CI,1627858121
Brits,-25.6347,27.7802,62.01,26,0,4.83,ZA,1627858121
Sioux Lookout,50.1001,-91.917,75.58,38,40,4.61,CA,1627858121
São Félix do Xingu,-6.6447,-51.995,81.32,40,91,1.81,BR,1627858122
Yaan,7.3833,8.5667,71.56,98,100,3.13,NG,1627858122
Saint-François,46.4154,3.9054,58.44,85,0,2.3,FR,1627858122
Caxias,38.7031,-9.2767,70.47,84,75,1.99,PT,1627858123
Hofn,64.2539,-15.2082,53.65,95,99,3.27,IS,1627858123
Dayong,25.0209,118.2898,80.28,93,100,2.75,CN,1627858123
Alyangula,-13.8483,136.4192,69.67,100,90,0.0,AU,1627858123
Torbay,47.6666,-52.7314,66.97,73,40,14.97,CA,1627858124
Lyubytino,58.8122,33.3922,58.51,85,96,4.38,RU,1627858124
Ayan,56.45,138.1667,58.19,82,98,22.28,RU,1627858124
Paamiut,61.994,-49.6678,46.94,92,100,5.55,GL,1627858125
Pandan,14.0453,124.1694,83.25,76,100,13.13,PH,1627858125
Samara Oblast,53.0,50.0,64.54,52,68,3.24,RU,1627858125
Arlit,18.7369,7.3853,97.12,23,37,5.14,NE,1627858126
Mariinsk,56.2139,87.7472,55.47,94,81,2.01,RU,1627858126
Faya,18.3851,42.4509,66.31,68,98,3.62,SA,1627858126
Palāsa,18.7667,84.4167,80.02,77,96,5.28,IN,1627858126
Holetown,13.1867,-59.6381,82.96,77,3,11.23,BB,1627858127
Puerto Escondido,15.85,-97.0667,92.23,55,75,4.61,MX,1627858127
Havøysund,70.9963,24.6622,45.48,82,100,9.55,NO,1627858127
Samarai,-10.6167,150.6667,78.06,63,90,7.94,PG,1627858128
Esna,25.2934,32.554,87.82,14,42,6.69,EG,1627857989
Tiznit Province,29.5833,-9.5,70.83,50,0,3.56,MA,1627857908
Harda,22.3333,77.1,73.47,96,100,12.95,IN,1627858128
Manzhouli,49.6,117.4333,61.74,66,10,6.53,CN,1627858129
Shūshtar,32.0455,48.8567,96.48,12,2,1.52,IR,1627858129
Vikhorevka,56.1201,101.1636,60.39,92,100,8.01,RU,1627858129
Petites Anses,15.8501,-61.6442,81.91,77,1,14.23,GP,1627858130
Coquimbo,-29.9533,-71.3436,55.13,94,75,8.05,CL,1627858130
Wamba,8.9333,8.6,69.12,96,100,3.76,NG,1627858130
Doka,13.5167,35.7667,70.02,92,99,5.93,SD,1627858131
Adrar,20.5022,-10.0711,93.24,27,27,8.3,MR,1627858131
Finschhafen,-6.6024,147.8681,79.93,77,95,7.09,PG,1627858131
Tabou,4.423,-7.3528,76.6,79,90,6.31,CI,1627858132
Leningradskiy,69.3833,178.4167,34.86,97,100,18.45,RU,1627858132
Tiarei,-17.5333,-149.3333,80.62,63,17,8.21,PF,1627858132
Isernia,41.6002,14.2382,73.31,93,7,5.77,IT,1627858133
Wau,7.7029,27.9953,70.66,96,100,3.94,SS,1627858133
Vostok,46.4856,135.8833,73.54,65,39,2.37,RU,1627858133
Waipawa,-41.4122,175.5153,51.46,67,93,3.42,NZ,1627858134
Grand Valley,43.9001,-80.3164,64.94,92,81,12.59,CA,1627858134
Plaridel,14.8872,120.8572,82.9,85,100,10.63,PH,1627858134
Marzuq,14.4,46.4667,81.79,52,97,4.29,YE,1627858135
Khatanga,71.9667,102.5,63.79,68,38,9.4,RU,1627858135
Peruíbe,-24.32,-46.9983,60.93,92,94,3.0,BR,1627858135
Bengkulu,-3.8004,102.2655,73.58,90,95,4.07,ID,1627858135
Tanout,14.9709,8.8879,89.44,43,90,11.59,NE,1627858136
Paysandu,-32.3214,-58.0756,53.6,74,0,6.04,UY,1627858136
Rawson,-43.3002,-65.1023,57.96,36,24,9.98,AR,1627858136
Auka,14.9333,-83.8333,85.89,75,51,6.6,HN,1627858137
Progreso,21.2833,-89.6667,81.86,82,56,11.18,MX,1627858001
Talara,-4.5772,-81.2719,65.91,84,1,21.12,PE,1627858137
Riyadh,24.6877,46.7219,91.54,11,4,5.06,SA,1627857917
Rezh,57.37,61.4043,57.42,91,42,5.77,RU,1627858137
Kavaratti,10.5669,72.642,81.97,77,82,15.64,IN,1627858138
Esperance,-33.8667,121.9,49.84,67,65,21.34,AU,1627858138
Saldanha,-33.0117,17.9442,46.45,86,59,8.37,ZA,1627858138
Porto-Novo,6.4965,2.6036,78.62,88,56,4.97,BJ,1627858139
Itarema,-2.9248,-39.9167,79.0,73,84,14.14,BR,1627858139
Veinticinco de Mayo,-35.4323,-60.1727,52.05,86,3,3.0,AR,1627858139
Fare,-16.7,-151.0167,77.23,68,42,13.44,PF,1627858140
Zhezkazgan,47.8043,67.7144,79.52,31,61,8.68,KZ,1627858140
Sukpak,51.6667,94.6333,54.48,77,98,3.71,RU,1627858140
Bell Ville,-32.6259,-62.6887,50.67,46,0,4.74,AR,1627858141
Monte Patria,-30.6919,-70.9467,71.11,19,0,1.5,CL,1627858088
Pimentel,-6.8367,-79.9342,70.09,81,40,4.0,PE,1627858141
Comodoro Rivadavia,-45.8667,-67.5,64.26,19,0,13.8,AR,1627858141
Bosaso,11.2842,49.1816,89.62,41,76,17.34,SO,1627857965
Mangai,-4.05,19.5333,68.86,35,25,0.65,CD,1627858142
Xichang,27.8964,102.2634,61.14,83,0,2.51,CN,1627858097
Zahirābād,17.6833,77.6167,70.59,87,80,15.43,IN,1627858142
Nipawin,53.3668,-104.0009,86.04,28,1,9.22,CA,1627858138
Valparai,10.3667,76.9667,60.57,90,91,3.67,IN,1627858143
Bongandanga,1.5,21.05,71.04,85,100,2.57,CD,1627858143
Aquiraz,-3.9014,-38.3911,80.69,80,85,8.79,BR,1627858143
São Filipe,14.8961,-24.4956,76.01,76,9,4.5,CV,1627858143
Ugoofaaru,5.6667,73.0,82.35,77,98,12.26,MV,1627858144
Bathsheba,13.2167,-59.5167,83.01,74,20,11.5,BB,1627858144
Aasiaat,68.7098,-52.8699,41.23,84,0,8.43,GL,1627858144
Biltine,14.5333,20.9167,71.2,87,100,14.7,TD,1627857921
Arawa,-6.2132,155.5367,82.96,75,10,1.9,PG,1627858145
Mangrūl Pīr,20.3167,77.35,73.9,84,100,15.99,IN,1627858145
Novokayakent,42.3937,47.9861,73.45,58,69,6.51,RU,1627858145
Kruisfontein,-34.0033,24.7314,55.89,77,86,15.12,ZA,1627858146
Iranshahr,27.2025,60.6848,92.43,43,11,4.43,IR,1627858146
San Juan,-31.5375,-68.5364,59.31,24,0,7.81,AR,1627858146
Wanning,18.8003,110.3967,80.94,86,100,9.48,CN,1627858147
La Unión,-5.4,-80.75,73.45,57,0,20.13,PE,1627858147
Luangwa,-15.6167,30.4167,59.43,76,0,2.77,ZM,1627858147
Kilindoni,-7.9139,39.6668,75.63,76,12,16.75,TZ,1627858147
Evensk,61.95,159.2333,47.1,78,100,18.3,RU,1627858148
Sambava,-14.2667,50.1667,68.41,87,96,8.3,MG,1627858148
Funchal,32.6333,-16.9,72.23,73,20,5.01,PT,1627858148
Mokhsogollokh,61.4681,128.9203,68.18,51,93,7.18,RU,1627858149
Turukhansk,65.8167,87.9833,56.66,80,36,7.18,RU,1627858149
Ōdachō-ōda,35.1833,132.5,79.57,74,97,6.98,JP,1627858149
Sri Aman,1.2376,111.4621,75.25,94,99,0.0,MY,1627857881
Broome,42.2506,-75.833,63.19,96,90,1.01,US,1627857885
Auch,43.65,0.5833,60.71,90,98,4.36,FR,1627858150
Murmashi,68.8154,32.8115,52.21,100,40,4.47,RU,1627858150
Narsaq,60.9167,-46.05,64.62,77,100,4.72,GL,1627858150
Tshikapa,-6.4167,20.8,72.82,27,62,2.86,CD,1627858151
Tyubuk,56.0552,60.9405,59.18,78,30,6.2,RU,1627858151
Devgarh,25.5333,73.9,72.45,93,100,16.8,IN,1627858151
Marystown,47.1666,-55.1483,64.85,100,54,5.99,CA,1627858152
Hīt,33.6416,42.8251,94.66,12,13,9.6,IQ,1627858152
Hualmay,-11.0964,-77.6139,65.44,78,10,9.17,PE,1627858152
Panjāb,34.388,67.0233,52.43,44,0,5.46,AF,1627858153
Gravdal,68.1214,13.5031,47.82,77,88,11.74,NO,1627858153
Tautira,-17.7333,-149.15,80.62,64,35,7.14,PF,1627858153
Mutsu,41.2894,141.2169,84.99,100,75,3.44,JP,1627858153
Timbiras,-4.2553,-43.9406,79.81,47,92,1.83,BR,1627858154
Naze,28.3667,129.4833,81.52,86,91,13.87,JP,1627858154
Acapulco de Juárez,16.8634,-99.8901,86.65,71,83,9.78,MX,1627857959
Luwingu,-10.2621,29.9271,52.57,82,2,4.54,ZM,1627858154
Christchurch,-43.5333,172.6333,53.91,83,75,8.99,NZ,1627858155
Dwārka,22.2394,68.9678,81.18,83,100,22.59,IN,1627858155
Balabac,7.9868,117.0645,83.88,74,91,16.44,PH,1627858155
Geraldton,-28.7667,114.6,45.01,93,75,8.05,AU,1627858156
Sosnovo-Ozerskoye,52.5249,111.5418,54.82,83,22,1.88,RU,1627858156
Deputatsky,69.3,139.9,45.86,65,8,5.7,RU,1627858156
Wana,32.2989,69.5725,78.04,66,2,2.48,PK,1627858157
Tynda,55.1667,124.7167,53.67,95,100,2.68,RU,1627857879
Bonga,7.2833,36.2333,60.01,97,100,1.19,ET,1627858157
Vicuña,-30.0319,-70.7081,47.93,18,0,0.96,CL,1627858157
Asău,46.4333,26.4,73.76,86,5,5.59,RO,1627858158
Kapoeta,4.7717,33.5903,75.92,54,99,5.48,SS,1627858158
Rodrigues Alves,-7.738,-72.6509,86.2,61,44,0.47,BR,1627858158
Khasan,42.4308,130.6434,75.51,90,96,19.3,RU,1627858158
Piaçabuçu,-10.4056,-36.4344,73.67,72,2,13.18,BR,1627858159
Alice Springs,-23.7,133.8833,56.75,58,40,9.22,AU,1627858159
Port Blair,11.6667,92.75,81.75,81,100,18.84,IN,1627858159
Presidencia Roque Sáenz Peña,-26.7852,-60.4388,58.35,42,0,5.06,AR,1627858160
Hasaki,35.7333,140.8333,82.8,82,11,6.49,JP,1627858160
Saint-Philippe,-21.3585,55.7679,65.79,76,49,7.78,RE,1627858160
Beyneu,45.3167,55.2,87.33,15,3,9.31,KZ,1627858160
Santa Helena,-2.2311,-45.3,74.25,79,89,1.92,BR,1627858161
Sovetskiy,61.3614,63.5842,54.18,96,11,6.4,RU,1627858161
Kinwat,19.6333,78.2,74.68,85,100,14.2,IN,1627858161
Vardø,70.3705,31.1107,55.6,97,100,6.26,NO,1627858162
Parkersburg,39.2667,-81.5615,74.17,85,75,4.61,US,1627858162
Marsh Harbour,26.5412,-77.0636,84.92,72,70,10.42,BS,1627858162
Pinyug,60.251,47.7842,57.45,99,100,4.97,RU,1627858163
Neiafu,-18.65,-173.9833,77.68,65,20,12.66,TO,1627858163
Bagdarin,54.4333,113.6,51.84,89,89,1.63,RU,1627858163
Lubango,-14.9172,13.4925,56.75,39,0,1.41,AO,1627858163
Bintulu,3.1667,113.0333,75.61,94,40,7.0,MY,1627858164
Susanville,40.4163,-120.653,91.24,21,1,3.0,US,1627858164
Srednekolymsk,67.45,153.6833,40.53,64,100,10.54,RU,1627858164
Ust'-Ordynskiy,52.805,104.7508,60.64,90,100,2.01,RU,1627858165
Polis,35.0367,32.4264,76.82,40,0,1.34,CY,1627858165
Goderich,43.7501,-81.7165,66.9,72,73,16.11,CA,1627858165
Waingapu,-9.6567,120.2641,76.21,79,31,7.61,ID,1627858005
Winslow,35.0242,-110.6974,82.96,44,20,1.99,US,1627858046
Botwood,49.1499,-55.3482,71.08,60,46,10.56,CA,1627858166
Vizinga,61.0749,50.1031,55.58,96,76,5.19,RU,1627858166
Skibbereen,51.55,-9.2667,58.8,84,93,7.16,IE,1627857910
San Miguel de Tucumán,-26.8241,-65.2226,62.6,31,0,5.75,AR,1627858166
Beringovskiy,63.05,179.3167,46.92,76,38,18.84,RU,1627858167
Taoudenni,22.6783,-3.9836,99.52,26,89,16.73,ML,1627857960
Storforshei,66.4043,14.5233,46.18,70,40,9.22,NO,1627858167
Grindavik,63.8424,-22.4338,53.56,93,90,2.3,IS,1627858167
Port Hardy,50.6996,-127.4199,64.58,77,20,13.8,CA,1627857917
Beloha,-25.1667,45.05,65.21,58,0,7.4,MG,1627858168
Dingle,10.9995,122.6711,80.51,84,100,10.02,PH,1627858168
Morón,-34.6534,-58.6198,53.98,76,0,3.31,AR,1627858169
Bud,39.447,-86.1758,80.55,58,9,10.6,US,1627858169
Makkah al Mukarramah,21.4267,39.8261,87.8,49,12,6.04,SA,1627858169
Acarí,-15.4311,-74.6158,68.05,68,10,4.41,PE,1627858169
Astoria,46.1879,-123.8313,67.46,81,90,1.99,US,1627858170
Santa Rosa,14.3122,121.1114,82.9,81,100,14.36,PH,1627858091
Sept-Îles,50.2001,-66.3821,66.72,74,75,7.0,CA,1627858154
Kawalu,-7.3817,108.2082,70.79,96,90,0.74,ID,1627858170
Hue,16.4667,107.6,87.91,58,40,2.3,VN,1627858171
Agüimes,27.9054,-15.4461,69.66,68,20,26.46,ES,1627858171
Lebu,-37.6167,-73.65,50.11,77,39,16.55,CL,1627857915
San Patricio,28.017,-97.5169,95.72,55,99,16.67,US,1627858171
Yining,29.0361,114.5636,80.01,85,0,0.69,CN,1627858171
Loyga,61.0784,44.6075,57.61,99,95,6.4,RU,1627858172
Santa Isabel Rio Negro,-0.4139,-65.0192,75.63,71,98,1.54,BR,1627858172
Ouango,4.3133,22.5552,68.85,90,100,0.98,CF,1627858172
Benghazi,32.1167,20.0667,81.73,67,0,10.16,LY,1627858173
Katsuura,35.1333,140.3,86.18,76,4,5.3,JP,1627858173
Te Anau,-45.4167,167.7167,45.88,89,99,1.61,NZ,1627858173
Tebingtinggi,3.3285,99.1625,75.25,88,100,2.21,ID,1627858174
Sechelt,49.4664,-123.7694,86.76,61,99,5.01,CA,1627858174
Bhaderwah,32.9784,75.7186,64.54,91,4,1.5,IN,1627858174
Ketchikan,55.3422,-131.6461,70.27,64,20,11.5,US,1627858174
Tateyama,34.9833,139.8667,86.09,74,2,5.41,JP,1627858175
Richards Bay,-28.783,32.0377,62.35,55,5,4.05,ZA,1627858175
Montceau-les-Mines,46.6667,4.3667,58.12,95,10,2.17,FR,1627858175
Korla,41.7597,86.1469,74.71,18,100,6.2,CN,1627858176
Aden,12.7794,45.0367,81.82,83,86,4.07,YE,1627858093
Belogorsk,50.9158,128.4611,57.45,89,100,5.84,RU,1627858176
Nome,64.5011,-165.4064,54.16,94,90,12.66,US,1627858176
Helong,42.5397,128.9972,72.45,99,97,3.06,CN,1627858177
Nizwá,22.9333,57.5333,86.9,49,100,1.95,OM,1627858177
Trairi,-3.2778,-39.2689,77.7,77,99,8.34,BR,1627858113
Tres Arroyos,-38.3739,-60.2798,43.54,48,1,8.01,AR,1627858092
Krasnokholmskiy,55.9873,55.0466,63.0,72,98,3.15,RU,1627858177
Avera,33.194,-82.5271,96.67,58,56,13.51,US,1627858178
Araouane,18.9048,-3.5265,95.32,33,2,9.82,ML,1627858178
Pantai Remis,4.4557,100.6288,77.02,85,99,4.12,MY,1627858178
Zyryanka,65.75,150.85,46.71,56,24,13.98,RU,1627858179
Warmbad,-28.45,18.7333,58.51,23,4,4.07,NA,1627858179
Rongcheng,30.634,117.8517,80.28,89,0,2.59,CN,1627858179
Jiujiang,29.7333,115.9833,81.45,83,0,4.07,CN,1627858179
Laguna,38.421,-121.4238,108.14,29,1,5.01,US,1627858180
Cássia,-20.5831,-46.9219,63.82,50,5,2.98,BR,1627858094
Bahía Solano,6.2262,-77.4044,79.79,87,95,5.91,CO,1627858180
Āsosa,10.0667,34.5333,60.19,82,100,3.15,ET,1627858180
Boyolangu,-8.1181,111.8935,73.62,91,58,5.77,ID,1627858181
Ndélé,8.4109,20.6473,66.61,97,81,0.92,CF,1627858181
Marabu,4.4148,114.0089,73.54,100,40,9.22,MY,1627858181
Inverell,-29.7833,151.1167,59.67,75,13,1.99,AU,1627858182
Ordynskoye,54.3656,81.8994,60.08,82,79,3.22,RU,1627858182
Caravelas,-17.7125,-39.2481,68.92,66,96,8.81,BR,1627858182
Smithers,54.7804,-127.1743,82.72,42,40,5.75,CA,1627858183
Puerto Suárez,-18.95,-57.8,74.07,30,49,9.57,BO,1627858183
Minakuchichō-matoba,34.9667,136.1667,82.65,79,77,5.79,JP,1627858183
Ubari,26.5921,12.7805,88.09,11,0,4.63,LY,1627858184
Biloela,-24.4167,150.5,67.95,71,0,5.41,AU,1627858184
Bama,11.5221,13.6856,73.4,90,98,9.46,NG,1627858184
Fairlie,55.756,-4.8556,58.39,77,58,12.5,GB,1627858185
Ségou,13.4317,-6.2157,79.52,71,52,9.53,ML,1627858185
Sémbé,1.6481,14.5806,70.3,95,80,1.72,CG,1627858185
Puerto Colombia,10.9878,-74.9547,87.89,84,23,17.81,CO,1627858185
Prome,18.8167,95.2167,76.17,95,100,7.36,MM,1627858186
Wichita Falls,33.9137,-98.4934,85.26,64,75,3.0,US,1627857998
Los Andes,-32.8337,-70.5983,73.17,18,0,4.99,CL,1627857964
Bambanglipuro,-7.95,110.2833,74.84,87,45,6.55,ID,1627858186
Guerrero Negro,27.9769,-114.0611,82.81,55,3,13.51,MX,1627858186
Vila Franca do Campo,37.7167,-25.4333,73.81,95,89,8.72,PT,1627858187
Mayuge,0.4597,33.4803,67.82,67,98,3.96,UG,1627858187
Sednëv,51.6447,31.565,67.98,86,45,4.27,UA,1627858187
Lake City,30.1897,-82.6393,87.98,62,1,9.22,US,1627858188
Port Lincoln,-34.7333,135.8667,51.69,68,34,25.5,AU,1627858188
Doumé,4.2333,13.45,68.2,98,99,2.26,CM,1627858188
Maryborough,-25.5333,152.7,67.1,73,17,7.63,AU,1627858188
Mbandaka,0.0487,18.2603,71.76,80,100,3.38,CD,1627858189
Pushkino,56.0172,37.8667,69.01,86,86,4.38,RU,1627857904
Kahului,20.8947,-156.47,85.26,63,20,28.77,US,1627858189
Umm Bāb,25.2142,50.8072,92.88,38,5,4.45,QA,1627858084
Conceição do Araguaia,-8.2578,-49.2647,86.13,45,0,3.44,BR,1627858039
El Tambo,1.4181,-77.3968,57.42,69,45,7.56,CO,1627858190
Maple Creek,49.9168,-109.4848,95.49,12,54,10.36,CA,1627858190
Øksfjord,70.2396,22.3479,46.47,84,95,5.46,NO,1627858190
Petrolia,42.8668,-82.1498,69.58,73,40,18.41,CA,1627858191
Kānkon,15.0167,74.0167,78.6,83,100,13.67,IN,1627858191
Chipinge,-20.1883,32.6236,51.84,51,0,2.66,ZW,1627858191
Zhigansk,66.7697,123.3711,67.1,59,40,15.64,RU,1627858192
Namatanai,-3.6667,152.4333,82.49,74,14,5.77,PG,1627858192
Isiro,2.7739,27.616,65.68,99,99,4.03,CD,1627858192
Ponta Delgada,37.7333,-25.6667,74.12,94,75,11.5,PT,1627858193
Carutapera,-1.195,-46.02,74.39,89,74,2.46,BR,1627858193
Thinadhoo,0.5333,72.9333,81.54,71,98,4.79,MV,1627858193
Halifax,44.6453,-63.5724,71.49,74,1,5.01,CA,1627858081
Mikhaylovskoye,51.8239,79.7172,66.04,50,98,6.53,RU,1627858194
Jiuquan,39.7432,98.5174,64.92,55,100,4.21,CN,1627858194
Safaga,26.7292,33.9365,87.75,40,29,4.65,EG,1627858194
Damāvand,35.7178,52.065,69.64,51,62,3.69,IR,1627858195
Heze,35.2431,115.4411,75.83,86,30,10.67,CN,1627858195
Edd,13.9297,41.6925,90.03,67,100,6.89,ER,1627857955
Colares,38.7992,-9.4469,70.32,80,44,4.0,PT,1627858195
Ormara,25.2088,64.6357,81.5,86,98,13.73,PK,1627858196
Somerset,40.5668,-74.5496,75.94,88,90,1.01,US,1627858196
Sal Rei,16.1833,-22.9167,77.56,80,30,7.23,CV,1627858196
Sakakah,29.9697,40.2064,87.37,14,0,10.2,SA,1627858197
Los Llanos de Aridane,28.6585,-17.9182,68.13,69,75,20.71,ES,1627858197
Khorol,49.7837,33.2783,77.49,47,23,8.7,UA,1627858197
Molchanovo,57.5817,83.7692,49.57,96,12,2.21,RU,1627858198
Aberystwyth,52.4155,-4.0829,57.78,86,48,1.59,GB,1627858198
Ovalle,-30.5983,-71.2003,70.65,30,0,2.66,CL,1627858198
Bethanien,-26.502,17.1583,54.73,26,0,3.51,NA,1627858198
Khandyga,62.6667,135.6,71.64,37,0,6.42,RU,1627858199
Takaka,-40.85,172.8,58.37,72,69,2.24,NZ,1627858199
Yamada,39.4667,141.95,80.35,83,4,9.19,JP,1627858199
Baní,18.2833,-70.3333,84.85,79,43,12.17,DO,1627858200
Batagay-Alyta,67.8006,130.4114,63.88,47,1,3.18,RU,1627858200
Coyhaique,-45.5752,-72.0662,51.75,62,90,4.61,CL,1627858200
Erdenet,49.0333,104.0833,55.69,99,100,4.99,MN,1627858201
Tripoli,32.8752,13.1875,87.21,45,0,9.84,LY,1627858201
Nerchinskiy Zavod,51.3088,119.61,55.44,92,82,4.07,RU,1627858201
Matagami,49.7502,-77.6328,62.71,59,40,10.36,CA,1627857917
Tessalit,20.1986,1.0114,86.22,42,6,11.23,ML,1627858202
Bahía Blanca,-38.7196,-62.2724,49.75,44,0,9.13,AR,1627858204
Katherine,-14.4667,132.2667,71.92,73,11,0.0,AU,1627858204
Kpandu,6.9954,0.2931,75.16,83,16,5.37,GH,1627858205
Predivinsk,57.0669,93.4378,56.82,97,91,2.77,RU,1627858205
Barra,-11.0894,-43.1417,77.86,44,99,10.16,BR,1627857906
Makhachkala,42.9764,47.5024,73.38,59,98,10.11,RU,1627858206
Santa Lucía,27.9117,-15.5407,64.76,68,20,26.46,ES,1627858206
Sinegor'ye,62.0788,150.477,40.23,82,100,14.67,RU,1627858206
São Miguel do Araguaia,-13.275,-50.1628,80.4,32,3,4.38,BR,1627858207
Omboué,-1.5746,9.2618,75.43,79,99,8.61,GA,1627858207
Qian’an,44.9932,124.0581,66.38,79,100,9.82,CN,1627858207
Harper,4.375,-7.7169,76.55,77,87,6.26,LR,1627858207
Loandjili,-4.7561,11.8578,73.51,88,20,3.44,CG,1627858208
Lander,42.833,-108.7307,84.52,28,1,0.0,US,1627858135
Tarauacá,-8.1614,-70.7656,74.08,47,24,2.59,BR,1627858208
Erenhot,43.6475,111.9767,65.46,55,12,8.52,CN,1627858209
Madimba,-10.4,40.3333,72.39,82,14,10.98,TZ,1627858209
Ovsyanka,55.9575,92.5519,54.57,93,48,3.42,RU,1627858209
Laurel,39.0993,-76.8483,82.17,85,1,1.99,US,1627858069
Pak Phanang,8.3511,100.202,82.08,82,99,6.55,TH,1627858210
Sur,22.5667,59.5289,90.66,53,100,12.75,OM,1627858210
Pasni,25.2631,63.471,81.21,88,94,13.02,PK,1627858210
Guiratinga,-16.3494,-53.7583,74.93,24,13,4.81,BR,1627858211
Raudeberg,61.9875,5.1352,52.47,77,9,16.42,NO,1627858211
Pangai,-19.8,-174.35,75.31,69,40,13.8,TO,1627858211
Saint-Joseph,-21.3667,55.6167,64.78,75,37,8.3,RE,1627858212
Constitución,-35.3333,-72.4167,54.05,68,0,8.61,CL,1627858212
Yar-Sale,66.8333,70.8333,54.81,97,100,16.06,RU,1627858212
Rustenburg,-25.6676,27.2421,51.39,26,0,6.17,ZA,1627858212
